17.0364,8.23537,0,0,0,0.185015,0.982736,0,3
18.5739,8.80568,0,0,0,0.195269,0.98075,0,3
19.596,9.25364,0,0,0,0.1802,0.98363,0,3
21.6195,9.95218,0,0,0,0.169092,0.9856,0,3
22.6847,10.3206,0,0,0,0.184361,0.982859,0,3
24.1956,10.9253,0,0,0,0.183057,0.983102,0,3
25.7885,11.4829,0,0,0,0.16313,0.986605,0,3
27.3499,12.013,0,0,0,0.148616,0.988895,0,3
28.9025,12.5567,0,0,0,0.164305,0.98641,0,3
30.4723,13.0385,0,0,0,0.15513,0.987894,0,3
31.9869,13.5142,0,0,0,0.127376,0.991854,0,3
33.6409,14.0289,0,0,0,0.144454,0.989512,0,3
35.7041,14.73,0,0,0,0.147296,0.989092,0,3
37.3026,15.1994,0,0,0,0.15777,0.987476,0,3
38.7206,15.9261,0,0,0,0.217503,0.97606,0,3
40.1439,16.6997,0,0,0,0.247575,0.968869,0,3
41.6397,17.5997,0,0,0,0.255388,0.966839,0,3
43.0615,18.3246,0,0,0,0.22581,0.974171,0,3
44.566,19.0296,0,0,0,0.233965,0.972245,0,3
46.0818,19.8737,0,0,0,0.233529,0.97235,0,3
47.6072,20.6834,0,0,0,0.245801,0.96932,0,3
49.0633,21.5743,0,0,0,0.246742,0.969081,0,3
50.5491,22.4241,0,0,0,0.246906,0.96904,0,3
51.9845,23.1749,0,0,0,0.250958,0.967998,0,3
53.9595,24.2164,0,0,0,0.243435,0.969917,0,3
55.3676,25.1056,0,0,0,0.264112,0.964492,0,3
56.744,26.0325,0,0,0,0.272094,0.962271,0,3
58.1112,26.8943,0,0,0,0.28485,0.958572,0,3
59.529,27.8748,0,0,0,0.276397,0.961043,0,3
60.9314,28.8065,0,0,0,0.28003,0.959991,0,3
62.3138,29.7212,0,0,0,0.273758,0.961798,0,3
64.1619,30.874,0,0,0,0.259246,0.965811,0,3
65.5123,31.7867,0,0,0,0.280389,0.959886,0,3
66.8829,32.7083,0,0,0,0.296017,0.955183,0,3
68.2503,33.6326,0,0,0,0.285364,0.958419,0,3
69.6697,34.5874,0,0,0,0.286429,0.958101,0,3
70.9688,35.4938,0,0,0,0.281284,0.959625,0,3
72.28,36.3579,0,0,0,0.26273,0.964869,0,3
73.6204,37.2119,0,0,0,0.27604,0.961146,0,3
74.9825,38.1842,0,0,0,0.290171,0.956975,0,3
76.3009,39.1362,0,0,0,0.335836,0.94192,0,3
77.6702,40.2136,0,0,0,0.406409,0.913691,0,3
78.4016,41.3436,0,0,0,0.538927,0.842352,0,3
78.7869,42.9695,0,0,0,0.729757,0.683707,0,3
78.464,44.4304,0,0,0,0.791136,0.61164,0,3
77.772,45.8092,0,0,0,0.86497,0.501823,0,3
77.2079,46.714,0,0,0,0.870946,0.49138,0,3
76.0513,48.5652,0,0,0,0.868289,0.496059,0,3
75.1611,49.9693,0,0,0,0.872498,0.488618,0,3
74.2397,51.3776,0,0,0,0.875527,0.483169,0,3
73.6517,52.2609,0,0,0,0.868667,0.495397,0,3
72.4335,54.0611,0,0,0,0.880082,0.474822,0,3
71.4888,55.3934,0,0,0,0.874487,0.485049,0,3
70.6511,56.7038,0,0,0,0.873556,0.486723,0,3
69.5968,58.1416,0,0,0,0.881138,0.472859,0,3
68.4599,59.5875,0,0,0,0.918671,0.395024,0,3
67.4826,60.4007,0,0,0,0.961882,0.273463,0,3
65.5972,61.2445,0,0,0,0.967613,0.25244,0,3
64.3717,61.9907,0,0,0,0.959837,0.280558,0,3
63.2187,62.7068,0,0,0,0.950106,0.311926,0,3
62.1367,63.3956,0,0,0,0.960598,0.277941,0,3
60.9472,64.1701,0,0,0,0.960454,0.278437,0,3
59.8158,64.9244,0,0,0,0.938974,0.343987,0,3
58.4649,66.1012,0,0,0,0.92639,0.376565,0,3
57.5659,66.8799,0,0,0,0.944266,0.329183,0,3
56.434,67.457,0,0,0,0.955272,0.295729,0,3
54.9179,68.5344,0,0,0,0.935117,0.354339,0,3
53.8416,70.0397,0,0,0,0.903078,0.429476,0,3
52.9361,71.3289,0,0,0,0.850242,0.526392,0,3
52.1716,72.725,0,0,0,0.875032,0.484065,0,3
51.2095,73.9957,0,0,0,0.901051,0.433714,0,3
50.1335,75.2287,0,0,0,0.922035,0.387106,0,3
49.1022,75.9936,0,0,0,0.979423,0.201818,0,3
47.3912,76.1424,0,0,0,-0.996239,0.0866535,0,3
46.3791,75.957,0,0,0,-0.980781,0.19511,0,3
44.9604,75.376,0,0,0,-0.959121,0.282996,0,3
43.1947,74.317,0,0,0,-0.957273,0.289185,0,3
41.9508,73.4245,0,0,0,-0.952022,0.306029,0,3
40.2945,72.107,0,0,0,-0.94734,0.320229,0,3
39.4787,71.4677,0,0,0,-0.953792,0.300468,0,3
38.1723,70.5527,0,0,0,-0.955093,0.296305,0,3
36.4357,69.1906,0,0,0,-0.95712,0.289692,0,3
35.6323,68.5718,0,0,0,-0.944553,0.32836,0,3
34.4067,67.5599,0,0,0,-0.946808,0.3218,0,3
33.2034,66.6097,0,0,0,-0.951363,0.308071,0,3
31.9424,65.6882,0,0,0,-0.950745,0.309974,0,3
30.7276,64.7294,0,0,0,-0.944194,0.329389,0,3
29.5624,63.729,0,0,0,-0.944348,0.328948,0,3
28.3679,62.7543,0,0,0,-0.949065,0.315079,0,3
27.2371,61.8274,0,0,0,-0.940893,0.338703,0,3
26.0504,60.7974,0,0,0,-0.932048,0.362336,0,3
24.8429,59.7548,0,0,0,-0.945499,0.325625,0,3
23.6518,58.7432,0,0,0,-0.95021,0.31161,0,3
22.4885,57.7606,0,0,0,-0.926114,0.377244,0,3
20.8918,56.4476,0,0,0,-0.916957,0.398987,0,3
20.125,55.7622,0,0,0,-0.948333,0.317277,0,3
18.8762,54.8031,0,0,0,-0.945274,0.326278,0,3
17.6832,53.8278,0,0,0,-0.938289,0.345853,0,3
16.9132,53.1594,0,0,0,-0.934208,0.356729,0,3
15.76,52.188,0,0,0,-0.944233,0.329277,0,3
14.7109,51.1821,0,0,0,-0.942684,0.333687,0,3
13.9847,50.4574,0,0,0,-0.937239,0.348689,0,3
12.5121,49.0332,0,0,0,-0.925395,0.379003,0,3
11.4146,47.9221,0,0,0,-0.936371,0.351012,0,3
10.6038,47.162,0,0,0,-0.932478,0.361227,0,3
9.76121,46.4472,0,0,0,-0.941117,0.33808,0,3
8.96327,45.6898,0,0,0,-0.942263,0.334875,0,3
7.77206,44.5584,0,0,0,-0.939452,0.342682,0,3
6.94156,43.795,0,0,0,-0.935553,0.353186,0,3
5.71027,42.6408,0,0,0,-0.941263,0.337674,0,3
4.83812,41.8646,0,0,0,-0.9385,0.345279,0,3
3.63168,40.6974,0,0,0,-0.934164,0.356844,0,3
2.83029,39.9445,0,0,0,-0.928597,0.37109,0,3
1.68426,38.784,0,0,0,-0.92957,0.368645,0,3
0.632742,37.6997,0,0,0,-0.924815,0.380417,0,3
-0.566117,36.6214,0,0,0,-0.929541,0.368718,0,3
-1.30188,35.8492,0,0,0,-0.921845,0.387559,0,3
-2.46474,34.699,0,0,0,-0.924996,0.379977,0,3
-3.55396,33.438,0,0,0,-0.927838,0.372983,0,3
-4.34634,32.6587,0,0,0,-0.931998,0.362465,0,3
-5.45041,31.5321,0,0,0,-0.923583,0.3834,0,3
-6.71047,30.3547,0,0,0,-0.925242,0.379377,0,3
-7.88681,29.1525,0,0,0,-0.932733,0.360568,0,3
-9.0947,28.0071,0,0,0,-0.92882,0.37053,0,3
-9.9252,27.2452,0,0,0,-0.93619,0.351493,0,3
-11.1992,26.0214,0,0,0,-0.926866,0.375393,0,3
-12.0368,25.2196,0,0,0,-0.924813,0.380422,0,3
-13.216,24.0525,0,0,0,-0.931585,0.363523,0,3
-14.0637,23.2326,0,0,0,-0.934341,0.35638,0,3
-15.2008,21.9744,0,0,0,-0.910614,0.413258,0,3
-15.941,21.162,0,0,0,-0.922171,0.386783,0,3
-17.2529,19.925,0,0,0,-0.935847,0.352405,0,3
-18.1306,19.0827,0,0,0,-0.939113,0.343609,0,3
-19.0342,18.3676,0,0,0,-0.944103,0.329651,0,3
-20.3964,17.1879,0,0,0,-0.933784,0.357838,0,3
-21.1696,16.3663,0,0,0,-0.922939,0.384947,0,3
-22.4197,15.2139,0,0,0,-0.932781,0.360443,0,3
-23.6587,13.9689,0,0,0,-0.927375,0.374134,0,3
-24.4421,13.0987,0,0,0,-0.915119,0.403184,0,3
-25.6248,11.7079,0,0,0,-0.927154,0.374681,0,3
-26.9451,10.3233,0,0,0,-0.923891,0.382657,0,3
-27.8489,9.46868,0,0,0,-0.928291,0.371855,0,3
-29.1757,8.27125,0,0,0,-0.939503,0.342541,0,3
-30.143,7.46164,0,0,0,-0.960289,0.279006,0,3
-31.9046,6.66201,0,0,0,-0.994736,0.102472,0,3
-33.6193,6.49364,0,0,0,0.99294,0.118618,0,3
-35.1728,7.23546,0,0,0,0.942044,0.335488,0,3
-36.0075,8.01446,0,0,0,0.909261,0.416226,0,3
-36.8034,8.90152,0,0,0,0.91862,0.395141,0,3
-38.1051,10.2253,0,0,0,0.924638,0.380847,0,3
-39.0316,11.0848,0,0,0,0.926393,0.376557,0,3
-40.2967,12.4552,0,0,0,0.921728,0.387837,0,3
-41.5982,13.7144,0,0,0,0.930662,0.365879,0,3
-42.5171,14.525,0,0,0,0.930461,0.366392,0,3
-43.8756,15.8193,0,0,0,0.92597,0.377598,0,3
-44.7178,16.6102,0,0,0,0.922664,0.385604,0,3
-46.0743,17.909,0,0,0,0.930791,0.365553,0,3
-46.9662,18.7064,0,0,0,0.936488,0.350701,0,3
-48.2327,19.9167,0,0,0,0.928088,0.372361,0,3
-49.1376,20.8526,0,0,0,0.921488,0.388407,0,3
-50.4722,22.0357,0,0,0,0.928552,0.371203,0,3
-51.3463,22.8174,0,0,0,0.937359,0.348366,0,3
-52.2412,23.6261,0,0,0,0.93653,0.350588,0,3
-53.182,24.3899,0,0,0,0.931972,0.36253,0,3
-54.6195,25.6394,0,0,0,0.933677,0.358117,0,3
-55.5105,26.4639,0,0,0,0.931851,0.362841,0,3
-56.8683,27.6737,0,0,0,0.935632,0.352977,0,3
-58.2917,28.8783,0,0,0,0.940957,0.338525,0,3
-59.2133,29.8045,0,0,0,0.923512,0.383569,0,3
-60.6135,31.1613,0,0,0,0.913307,0.407271,0,3
-61.5474,32.0654,0,0,0,0.927421,0.374019,0,3
-63.055,33.241,0,0,0,0.942653,0.333776,0,3
-64.0171,33.9585,0,0,0,0.941968,0.335703,0,3
-65.4275,35.0991,0,0,0,0.935353,0.353716,0,3
-66.884,36.6559,0,0,0,0.909169,0.416427,0,3
-67.6565,37.7027,0,0,0,0.842918,0.538042,0,3
-68.1145,39.2687,0,0,0,0.720985,0.692951,0,3
-67.9439,40.8309,0,0,0,0.588669,0.808374,0,3
-67.6365,41.8882,0,0,0,0.564919,0.825146,0,3
-66.9869,43.3491,0,0,0,0.510526,0.859862,0,3
-66.4527,44.3343,0,0,0,0.505071,0.863078,0,3
-65.7242,45.8215,0,0,0,0.520467,0.853882,0,3
-64.9663,47.2421,0,0,0,0.522013,0.852938,0,3
-64.3091,49.2101,0,0,0,0.592186,0.805801,0,3
-63.8959,50.8036,0,0,0,0.556985,0.830522,0,3
-63.2977,51.8427,0,0,0,0.415672,0.909515,0,3
-61.9726,53.3502,0,0,0,0.378229,0.925712,0,3
-60.9594,54.4087,0,0,0,0.390436,0.92063,0,3
-59.4663,55.9084,0,0,0,0.376677,0.926345,0,3
-58.1008,57.5034,0,0,0,0.394346,0.918962,0,3
-57.196,58.5594,0,0,0,0.416608,0.909086,0,3
-55.7756,60.1177,0,0,0,0.406075,0.91384,0,3
-54.8251,61.1683,0,0,0,0.387671,0.921798,0,3
-53.7938,62.2837,0,0,0,0.373718,0.927542,0,3
-52.3073,63.9159,0,0,0,0.39929,0.916825,0,3
-51.4238,64.9783,0,0,0,0.392143,0.919904,0,3
-49.9876,66.3389,0,0,0,0.36534,0.930874,0,3
-48.6097,67.765,0,0,0,0.380198,0.924905,0,3
-47.2009,69.2868,0,0,0,0.385294,0.922794,0,3
-46.2939,70.2504,0,0,0,0.387803,0.921742,0,3
-44.9519,71.7949,0,0,0,0.391435,0.920206,0,3
-43.5884,73.1989,0,0,0,0.36355,0.931575,0,3
-42.6358,74.1644,0,0,0,0.362727,0.931896,0,3
-41.2862,75.6385,0,0,0,0.391657,0.920111,0,3
-39.8838,77.0202,0,0,0,0.36479,0.93109,0,3
-38.5948,78.3859,0,0,0,0.378579,0.925569,0,3
-37.2643,79.7287,0,0,0,0.365972,0.930626,0,3
-35.9313,81.0714,0,0,0,0.375683,0.926748,0,3
-34.7223,82.3981,0,0,0,0.398404,0.91721,0,3
-33.3579,83.7769,0,0,0,0.391477,0.920188,0,3
-32.4367,84.8433,0,0,0,0.437648,0.899146,0,3
-31.587,86.733,0,0,0,0.546517,0.837448,0,3
-30.8042,88.5153,0,0,0,0.542612,0.839983,0,3
-30.2402,89.7841,0,0,0,0.479794,0.877381,0,3
-28.9719,91.3202,0,0,0,0.369795,0.929113,0,3
-27.7681,92.7272,0,0,0,0.407014,0.913422,0,3
-26.5261,94.126,0,0,0,0.397934,0.917414,0,3
-25.2426,95.5313,0,0,0,0.396033,0.918236,0,3
-24.0044,96.9732,0,0,0,0.421034,0.907045,0,3
-22.7995,98.3924,0,0,0,0.404038,0.914742,0,3
-21.5408,99.7615,0,0,0,0.383099,0.923707,0,3
-20.2682,100.875,0,0,0,0.366974,0.930231,0,3
-19.0613,102.15,0,0,0,0.387029,0.922067,0,3
-17.9401,103.441,0,0,0,0.417954,0.908468,0,3
-16.8261,104.822,0,0,0,0.421921,0.906633,0,3
-15.5871,106.22,0,0,0,0.405768,0.913976,0,3
-13.9563,107.953,0,0,0,0.381276,0.924461,0,3
-13.1809,108.805,0,0,0,0.380959,0.924592,0,3
-11.5873,110.372,0,0,0,0.375708,0.926738,0,3
-10.3594,111.627,0,0,0,0.373109,0.927787,0,3
-9.18112,112.936,0,0,0,0.378243,0.925706,0,3
-8.00829,114.073,0,0,0,0.372321,0.928104,0,3
-6.86578,115.318,0,0,0,0.377995,0.925807,0,3
-5.62097,116.645,0,0,0,0.379711,0.925105,0,3
-4.38545,117.907,0,0,0,0.382042,0.924145,0,3
-3.22374,119.153,0,0,0,0.372805,0.92791,0,3
-1.60415,120.717,0,0,0,0.366824,0.93029,0,3
-0.453172,121.941,0,0,0,0.394801,0.918767,0,3
0.6502,123.144,0,0,0,0.395807,0.918334,0,3
1.82687,124.366,0,0,0,0.366676,0.930349,0,3
3.38061,125.86,0,0,0,0.359359,0.933199,0,3
4.8755,127.405,0,0,0,0.381227,0.924482,0,3
5.99966,128.539,0,0,0,0.362533,0.931971,0,3
7.14725,129.604,0,0,0,0.357702,0.933836,0,3
8.73151,131.12,0,0,0,0.366156,0.930554,0,3
9.86963,132.22,0,0,0,0.345135,0.938553,0,3
10.9969,133.337,0,0,0,0.37449,0.927231,0,3
12.2142,134.439,0,0,0,0.362445,0.932005,0,3
13.7298,135.931,0,0,0,0.356366,0.934346,0,3
15.4289,137.457,0,0,0,0.349668,0.936874,0,3
16.7437,138.655,0,0,0,0.34739,0.937721,0,3
18.3536,140.218,0,0,0,0.362047,0.93216,0,3
19.4952,141.382,0,0,0,0.378829,0.925467,0,3
20.6843,142.502,0,0,0,0.362981,0.931797,0,3
22.1636,143.97,0,0,0,0.367761,0.92992,0,3
23.2661,145.136,0,0,0,0.38901,0.921234,0,3
24.7612,146.597,0,0,0,0.36001,0.932948,0,3
25.8893,147.636,0,0,0,0.362441,0.932007,0,3
27.4541,149.067,0,0,0,0.335858,0.941913,0,3
28.7271,150.037,0,0,0,0.261731,0.965141,0,3
30.0923,150.856,0,0,0,0.259858,0.965647,0,3
31.8399,152.128,0,0,0,0.317765,0.94817,0,3
33.4925,153.294,0,0,0,0.130262,0.99148,0,3
35.0139,153.905,0,0,0,0.216415,0.976301,0,3
35.9511,154.332,0,0,0,0.184664,0.982802,0,3
37.427,154.812,0,0,0,0.212373,0.977189,0,3
38.7348,155.521,0,0,0,0.286317,0.958135,0,3
40.0108,156.487,0,0,0,0.30351,0.952828,0,3
41.2384,157.506,0,0,0,0.422434,0.906394,0,3
42.2503,158.767,0,0,0,0.380178,0.924914,0,3
42.9914,159.459,0,0,0,0.361371,0.932422,0,3
44.4268,160.851,0,0,0,0.357697,0.933838,0,3
45.5749,161.878,0,0,0,0.349388,0.936978,0,3
46.7162,162.978,0,0,0,0.364618,0.931157,0,3
47.9148,163.978,0,0,0,0.322001,0.946739,0,3
49.1268,165.002,0,0,0,0.333241,0.942842,0,3
50.8693,166.388,0,0,0,0.301515,0.953462,0,3
52.0349,167.34,0,0,0,0.352749,0.935718,0,3
53.3436,168.757,0,0,0,0.39921,0.91686,0,3
54.7536,170.256,0,0,0,0.367657,0.929962,0,3
55.8699,171.355,0,0,0,0.379259,0.92529,0,3
57.302,172.803,0,0,0,0.362452,0.932002,0,3
58.5219,173.92,0,0,0,0.316621,0.948552,0,3
59.2386,174.659,0,0,0,0.425527,0.904946,0,3
60.2149,175.694,0,0,0,0.373628,0.927578,0,3
61.2634,176.691,0,0,0,0.354636,0.935005,0,3
62.039,177.347,0,0,0,0.34583,0.938297,0,3
63.078,178.349,0,0,0,0.435562,0.900159,0,3
63.7606,179.189,0,0,0,0.406513,0.913645,0,3
64.5213,179.954,0,0,0,-0.448374,-0.893846,0,3
65.2676,180.921,0,0,0,-0.474598,-0.880203,0,3
65.9755,181.876,0,0,0,-0.532709,-0.846299,0,3
66.3936,182.868,0,0,0,-0.498384,-0.866957,0,3
67.5045,184.588,0,0,0,0.385649,0.922646,0,3
68.6052,185.929,0,0,0,0.430623,0.902532,0,3
69.2615,186.731,0,0,0,0.414825,0.909901,0,3
70.0026,187.566,0,0,0,0.383629,0.923487,0,3
70.8223,188.344,0,0,0,0.341014,0.940058,0,3
71.8069,189.137,0,0,0,0.28133,0.959611,0,3
74.0877,189.534,0,0,0,-0.100373,0.99495,0,3
75.0954,189.394,0,0,0,0.0507922,0.998709,0,3
76.9027,190.145,0,0,0,0.269005,0.963139,0,3
77.9287,190.922,0,0,0,0.346342,0.938108,0,3
78.9138,191.762,0,0,0,0.329676,0.944094,0,3
80.3973,193.051,0,0,0,0.344647,0.938732,0,3
81.7142,194.308,0,0,0,0.352742,0.93572,0,3
82.6023,195.151,0,0,0,0.354577,0.935027,0,3
83.9073,196.394,0,0,0,0.368375,0.929677,0,3
84.7895,197.268,0,0,0,0.367571,0.929996,0,3
86.1515,198.56,0,0,0,0.353022,0.935615,0,3
87.6164,199.839,0,0,0,0.343794,0.939045,0,3
88.6242,200.747,0,0,0,0.32921,0.944257,0,3
90.0488,202.123,0,0,0,0.348443,0.93733,0,3
91.5585,203.429,0,0,0,0.351057,0.936354,0,3
92.6198,204.303,0,0,0,0.354306,0.935129,0,3
93.9909,205.656,0,0,0,0.367194,0.930144,0,3
95.0485,206.596,0,0,0,0.328501,0.944503,0,3
96.5852,207.933,0,0,0,0.357093,0.934069,0,3
97.5648,208.833,0,0,0,0.346879,0.93791,0,3
98.5035,209.774,0,0,0,0.347828,0.937558,0,3
99.5818,210.687,0,0,0,0.330095,0.943948,0,3
101.231,212.051,0,0,0,0.317382,0.948298,0,3
102.337,212.877,0,0,0,0.298189,0.954507,0,3
103.433,213.648,0,0,0,0.195442,0.980715,0,3
104.443,213.85,0,0,0,-0.114188,0.993459,0,3
105.979,213.021,0,0,0,-0.370172,0.928963,0,3
106.883,212.035,0,0,0,-0.444151,0.895952,0,3
108.336,210.508,0,0,0,-0.430266,0.902702,0,3
109.626,209.656,0,0,0,-0.0279463,0.999609,0,3
110.659,209.603,0,0,0,-0.0195931,0.999808,0,3
112.132,209.626,0,0,0,0.0298256,0.999555,0,3
113.16,209.688,0,0,0,0.0199363,0.999801,0,3
114.686,209.669,0,0,0,-0.0592222,0.998245,0,3
115.793,209.657,0,0,0,-0.0390419,0.999238,0,3
117.402,209.518,0,0,0,-0.0661192,0.997812,0,3
118.923,209.164,0,0,0,-0.171976,0.985101,0,3
120.045,208.724,0,0,0,-0.256191,0.966626,0,3
121.068,208.097,0,0,0,-0.342186,0.939632,0,3
122.058,207.172,0,0,0,-0.394833,0.918753,0,3
123.187,206.241,0,0,0,-0.374371,0.927279,0,3
124.233,205.345,0,0,0,-0.407395,0.913252,0,3
125.046,204.38,0,0,0,-0.466682,0.884425,0,3
125.789,203.454,0,0,0,-0.467535,0.883975,0,3
126.722,201.988,0,0,0,-0.489135,0.872208,0,3
127.285,201.019,0,0,0,-0.507674,0.861549,0,3
127.822,200.01,0,0,0,-0.473726,0.880672,0,3
128.79,198.576,0,0,0,-0.460803,0.887502,0,3
129.841,197.235,0,0,0,-0.433652,0.90108,0,3
130.724,196.424,0,0,0,-0.386159,0.922432,0,3
131.843,195.86,0,0,0,-0.37683,0.926283,0,3
132.834,194.535,0,0,0,-0.493269,0.869877,0,3
133.24,193.567,0,0,0,-0.551314,0.834298,0,3
133.882,191.653,0,0,0,-0.572844,0.819665,0,3
134.333,190.728,0,0,0,-0.500522,0.865724,0,3
135.219,189.228,0,0,0,-0.489741,0.871868,0,3
135.802,188.243,0,0,0,-0.528816,0.848737,0,3
136.579,186.84,0,0,0,-0.536905,0.843643,0,3
137.024,185.893,0,0,0,-0.525684,0.85068,0,3
137.804,184.434,0,0,0,-0.513789,0.857917,0,3
138.321,183.491,0,0,0,-0.521442,0.853287,0,3
139.101,182.052,0,0,0,-0.511961,0.859009,0,3
139.67,181.088,0,0,0,-0.470881,0.882197,0,3
140.347,180.179,0,0,0,-0.427906,0.903823,0,3
141.445,178.795,0,0,0,-0.43068,0.902505,0,3
142.22,177.889,0,0,0,-0.42066,0.907218,0,3
142.935,176.996,0,0,0,-0.442552,0.896743,0,3
143.645,176.075,0,0,0,-0.445735,0.895165,0,3
144.301,175.167,0,0,0,-0.474817,0.880084,0,3
145.003,174.272,0,0,0,-0.42088,0.907116,0,3
146.036,173.411,0,0,0,-0.26154,0.965193,0,3
147.196,172.969,0,0,0,-0.127032,0.991899,0,3
148.23,172.76,0,0,0,-0.0579426,0.99832,0,3
149.308,172.711,0,0,0,-0.00656388,0.999978,0,3
150.845,172.834,0,0,0,0.120132,0.992758,0,3
152.728,173.651,0,0,0,0.201059,0.979579,0,3
154.166,174.311,0,0,0,0.216676,0.976244,0,3
155.145,174.792,0,0,0,0.226928,0.973911,0,3
156.1,175.335,0,0,0,0.260478,0.96548,0,3
157.476,176.126,0,0,0,0.248601,0.968606,0,3
158.391,176.596,0,0,0,0.212419,0.977179,0,3
160.22,177.502,0,0,0,0.22686,0.973927,0,3
161.978,178.474,0,0,0,0.236084,0.971733,0,3
163.309,179.275,0,0,0,0.257168,0.966367,0,3
164.247,179.814,0,0,0,0.247056,0.969001,0,3
165.597,180.601,0,0,0,0.287443,0.957798,0,3
166.508,181.21,0,0,0,0.30057,0.95376,0,3
167.859,182.226,0,0,0,0.301241,0.953548,0,3
169.288,183.134,0,0,0,0.281978,0.959421,0,3
170.211,183.786,0,0,0,0.316427,0.948617,0,3
171.557,184.789,0,0,0,0.29954,0.954084,0,3
172.482,185.39,0,0,0,0.300517,0.953777,0,3
173.335,186.005,0,0,0,0.317695,0.948193,0,3
174.655,186.989,0,0,0,0.29211,0.956385,0,3
175.957,187.774,0,0,0,0.264506,0.964384,0,3
176.866,188.337,0,0,0,0.288931,0.95735,0,3
178.217,189.286,0,0,0,0.271338,0.962484,0,3
179.087,189.888,0,0,0,0.295822,0.955243,0,3
180.42,190.811,0,0,0,0.299707,0.954031,0,3
181.704,191.862,0,0,0,0.356526,0.934286,0,3
182.922,192.951,0,0,0,0.3212,0.947011,0,3
183.732,193.703,0,0,0,0.369092,0.929393,0,3
184.886,195.028,0,0,0,0.422001,0.906595,0,3
185.582,195.969,0,0,0,0.466047,0.88476,0,3
186.557,197.62,0,0,0,0.483485,0.875353,0,3
187.185,198.728,0,0,0,0.501628,0.865084,0,3
187.762,199.775,0,0,0,0.493512,0.869739,0,3
188.705,201.37,0,0,0,0.506371,0.862316,0,3
189.256,202.486,0,0,0,0.542005,0.840375,0,3
189.902,204.4,0,0,0,0.66834,0.743856,0,3
189.964,205.598,0,0,0,0.684008,0.729474,0,3
190.067,206.811,0,0,0,0.662235,0.749296,0,3
190.396,208.187,0,0,0,0.569379,0.822075,0,3
190.958,209.392,0,0,0,0.513078,0.858342,0,3
191.809,210.948,0,0,0,0.496329,0.868134,0,3
192.74,212.46,0,0,0,0.4722,0.881491,0,3
193.328,213.397,0,0,0,0.447603,0.894233,0,3
194.34,214.658,0,0,0,0.411235,0.911529,0,3
194.972,215.489,0,0,0,0.423517,0.905888,0,3
196.064,216.697,0,0,0,0.398686,0.917087,0,3
197.13,217.887,0,0,0,0.389634,0.92097,0,3
197.86,218.66,0,0,0,0.390641,0.920543,0,3
198.971,219.805,0,0,0,0.35946,0.93316,0,3
200.184,220.785,0,0,0,0.292058,0.956401,0,3
201.073,221.349,0,0,0,0.241747,0.970339,0,3
202.544,221.992,0,0,0,0.169902,0.985461,0,3
203.546,222.34,0,0,0,0.15886,0.987301,0,3
205.106,222.707,0,0,0,0.0893988,0.995996,0,3
206.213,222.851,0,0,0,0.0690586,0.997613,0,3
207.88,223.139,0,0,0,0.0665814,0.997781,0,3
209.014,223.354,0,0,0,0.0524084,0.998626,0,3
210.861,223.502,0,0,0,-0.00973043,0.999953,0,3
212.12,223.509,0,0,0,0.00993899,0.999951,0,3
213.34,223.674,0,0,0,0.0699266,0.997552,0,3
215.066,223.953,0,0,0,0.0645663,0.997913,0,3
216.252,224.048,0,0,0,0.0392953,0.999228,0,3
217.471,224.218,0,0,0,0.0347209,0.999397,0,3
219.322,224.423,0,0,0,0.0295243,0.999564,0,3
220.459,224.598,0,0,0,0.291647,0.956526,0,3
221.486,225.294,0,0,0,0.315931,0.948782,0,3
222.301,226.1,0,0,0,0.401595,0.915817,0,3
222.812,227.032,0,0,0,0.536577,0.843851,0,3
223.269,228.169,0,0,0,0.631242,0.775586,0,3
223.595,229.559,0,0,0,0.624332,0.781159,0,3
223.943,231.019,0,0,0,0.624489,0.781034,0,3
224.21,232.572,0,0,0,0.644707,0.76443,0,3
224.441,234.106,0,0,0,0.678437,0.734658,0,3
224.665,235.502,0,0,0,0.704786,0.70942,0,3
224.676,236.88,0,0,0,0.820864,0.571123,0,3
224.383,238.228,0,0,0,0.769655,0.63846,0,3
224.217,238.888,0,0,0,0.89299,0.450076,0,3
223.567,239.687,0,0,0,0.906481,0.422247,0,3
222.572,240.822,0,0,0,0.900722,0.434395,0,3
221.536,241.924,0,0,0,0.895089,0.445887,0,3
220.9,242.697,0,0,0,0.884476,0.466586,0,3
219.963,243.971,0,0,0,0.888711,0.458468,0,3
218.984,245.191,0,0,0,0.896059,0.443935,0,3
217.973,246.351,0,0,0,0.893991,0.448084,0,3
217.294,247.182,0,0,0,0.894284,0.447499,0,3
216.263,248.337,0,0,0,0.908353,0.418205,0,3
215.219,249.446,0,0,0,0.947283,0.3204,0,3
213.934,250.325,0,0,0,0.963142,0.268992,0,3
212.51,250.966,0,0,0,0.978918,0.204252,0,3
211.192,251.567,0,0,0,0.938047,0.346509,0,3
210.454,252.307,0,0,0,0.906865,0.421421,0,3
209.465,253.522,0,0,0,0.910499,0.413512,0,3
208.379,254.624,0,0,0,0.911888,0.41044,0,3
207.357,255.859,0,0,0,0.903288,0.429035,0,3
206.656,256.662,0,0,0,0.904363,0.426765,0,3
205.582,257.964,0,0,0,0.893299,0.449462,0,3
204.598,259.264,0,0,0,0.90199,0.431756,0,3
203.487,260.441,0,0,0,0.901216,0.433371,0,3
202.75,261.277,0,0,0,0.908975,0.416851,0,3
201.682,262.453,0,0,0,0.911824,0.410581,0,3
200.698,263.623,0,0,0,0.905559,0.424221,0,3
199.682,264.828,0,0,0,0.908146,0.418653,0,3
198.943,265.652,0,0,0,0.90762,0.419794,0,3
197.943,266.914,0,0,0,0.916729,0.39951,0,3
196.769,268.077,0,0,0,0.902265,0.431182,0,3
195.635,269.183,0,0,0,0.933066,0.359706,0,3
194.476,270.246,0,0,0,0.939545,0.342426,0,3
193.344,271.243,0,0,0,0.911532,0.41123,0,3
192.692,272.145,0,0,0,0.891372,0.453273,0,3
191.629,273.43,0,0,0,0.897556,0.440901,0,3
190.602,274.654,0,0,0,0.902254,0.431204,0,3
189.567,275.793,0,0,0,0.930729,0.365708,0,3
188.761,276.416,0,0,0,0.954389,0.298565,0,3
187.323,277.092,0,0,0,0.99735,0.0727566,0,3
186.032,277.063,0,0,0,-0.998869,0.0475452,0,3
184.719,276.816,0,0,0,-0.991782,0.127942,0,3
182.983,276.183,0,0,0,-0.979532,0.201286,0,3
181.501,275.298,0,0,0,-0.954151,0.299326,0,3
180.304,274.24,0,0,0,-0.940915,0.338643,0,3
179.027,273.225,0,0,0,-0.931405,0.363986,0,3
178.198,272.499,0,0,0,-0.924588,0.380969,0,3
177.086,271.436,0,0,0,-0.948583,0.316527,0,3
175.783,270.454,0,0,0,-0.942911,0.333045,0,3
174.207,269.046,0,0,0,-0.934698,0.355443,0,3
173.357,268.352,0,0,0,-0.943513,0.331336,0,3
172.147,267.28,0,0,0,-0.93309,0.359644,0,3
170.89,266.254,0,0,0,-0.948872,0.315661,0,3
169.71,265.249,0,0,0,-0.946221,0.32352,0,3
168.452,264.223,0,0,0,-0.93979,0.341752,0,3
167.212,263.194,0,0,0,-0.941263,0.337673,0,3
166.391,262.516,0,0,0,-0.942913,0.333039,0,3
165.166,261.496,0,0,0,-0.941463,0.337117,0,3
163.893,260.501,0,0,0,-0.9471,0.32094,0,3
162.624,259.493,0,0,0,-0.944808,0.327625,0,3
161.411,258.46,0,0,0,-0.934797,0.355183,0,3
160.664,257.73,0,0,0,-0.924643,0.380835,0,3
159.481,256.675,0,0,0,-0.942729,0.333559,0,3
158.677,256.022,0,0,0,-0.930295,0.366813,0,3
157.883,255.348,0,0,0,-0.939142,0.343529,0,3
156.62,254.441,0,0,0,-0.949619,0.313406,0,3
155.443,253.48,0,0,0,-0.944847,0.327513,0,3
154.616,252.848,0,0,0,-0.947879,0.318632,0,3
153.229,252.03,0,0,0,-0.979524,0.201328,0,3
152.1,251.753,0,0,0,-0.999682,0.0252324,0,3
150.83,251.84,0,0,0,0.99675,0.0805579,0,3
149.143,252.529,0,0,0,0.983385,0.181532,0,3
147.431,252.971,0,0,0,0.988706,0.149865,0,3
146.262,253.06,0,0,0,0.998323,0.0578903,0,3
145.072,253.323,0,0,0,0.998985,0.0450381,0,3
143.78,253.288,0,0,0,0.999403,0.0345355,0,3
142.314,252.333,0,0,0,-0.999545,0.0301539,0,3
141.286,252.902,0,0,0,0.918456,0.395522,0,3
140.602,253.843,0,0,0,0.898545,0.438882,0,3
139.542,255.113,0,0,0,0.900133,0.435616,0,3
138.872,255.922,0,0,0,0.90533,0.424709,0,3
137.796,257.175,0,0,0,0.897503,0.441008,0,3
136.783,258.482,0,0,0,0.882927,0.46951,0,3
136.237,259.44,0,0,0,0.859674,0.510843,0,3
135.478,260.302,0,0,0,0.890217,0.455536,0,3
134.281,261.551,0,0,0,0.901106,0.433598,0,3
133.173,262.838,0,0,0,0.902946,0.429755,0,3
132.094,264.083,0,0,0,0.897976,0.440044,0,3
131.422,264.871,0,0,0,0.890045,0.455872,0,3
130.589,266.042,0,0,0,0.880758,0.473566,0,3
129.577,267.268,0,0,0,0.895327,0.44541,0,3
128.852,268.051,0,0,0,0.892932,0.450192,0,3
127.798,269.323,0,0,0,0.908991,0.416816,0,3
127.086,270.194,0,0,0,0.905741,0.423832,0,3
125.924,271.425,0,0,0,0.899253,0.437429,0,3
124.801,272.713,0,0,0,0.908199,0.418538,0,3
123.685,273.974,0,0,0,0.903533,0.428518,0,3
122.891,274.845,0,0,0,0.902401,0.430898,0,3
121.699,276.205,0,0,0,0.903229,0.42916,0,3
120.926,277.103,0,0,0,0.901909,0.431926,0,3
120.129,278.016,0,0,0,0.906749,0.42167,0,3
118.991,279.344,0,0,0,0.901962,0.431816,0,3
118.226,280.173,0,0,0,0.908158,0.418628,0,3
117.043,281.597,0,0,0,0.904384,0.42672,0,3
116.244,282.553,0,0,0,0.903996,0.427542,0,3
115.059,283.945,0,0,0,0.905476,0.424398,0,3
113.854,285.402,0,0,0,0.900593,0.434664,0,3
113.053,286.396,0,0,0,0.900392,0.435079,0,3
111.815,287.823,0,0,0,0.902999,0.429642,0,3
110.512,289.371,0,0,0,0.907513,0.420025,0,3
109.291,290.8,0,0,0,0.902519,0.430651,0,3
108.494,291.778,0,0,0,0.90136,0.433071,0,3
107.202,293.313,0,0,0,0.900935,0.433954,0,3
105.902,294.908,0,0,0,0.898039,0.439915,0,3
105.097,295.96,0,0,0,0.896052,0.443948,0,3
103.736,297.577,0,0,0,0.895246,0.445572,0,3
102.783,298.683,0,0,0,0.90058,0.434691,0,3
101.433,300.19,0,0,0,0.905108,0.425182,0,3
100.555,301.279,0,0,0,0.903379,0.428844,0,3
99.3041,302.77,0,0,0,0.896425,0.443196,0,3
98.0623,304.409,0,0,0,0.889621,0.456699,0,3
96.677,305.99,0,0,0,0.901098,0.433615,0,3
95.2995,307.509,0,0,0,0.906338,0.422553,0,3
94.0768,309.074,0,0,0,0.893064,0.44993,0,3
92.9157,310.626,0,0,0,0.891556,0.45291,0,3
92.1278,311.724,0,0,0,0.895677,0.444705,0,3
90.9607,313.293,0,0,0,0.895873,0.44431,0,3
89.8201,314.822,0,0,0,0.88525,0.465116,0,3
88.8711,315.861,0,0,0,0.908791,0.417252,0,3
87.4471,317.489,0,0,0,0.909113,0.416549,0,3
86.1474,318.993,0,0,0,0.896698,0.442642,0,3
85.3136,320.053,0,0,0,0.889508,0.456919,0,3
84.1359,321.56,0,0,0,0.894996,0.446074,0,3
82.8806,323.225,0,0,0,0.900194,0.43549,0,3
81.6647,324.612,0,0,0,0.900687,0.434469,0,3
80.6216,325.893,0,0,0,0.887134,0.461512,0,3
79.5421,327.306,0,0,0,0.894082,0.447903,0,3
78.4123,328.812,0,0,0,0.88431,0.4669,0,3
77.3623,330.19,0,0,0,0.871641,0.490144,0,3
76.2289,331.804,0,0,0,0.888314,0.459237,0,3
74.9335,333.468,0,0,0,0.899581,0.436754,0,3
73.6019,335.017,0,0,0,0.919031,0.394186,0,3
72.8193,335.979,0,0,0,0.892332,0.45138,0,3
71.737,337.386,0,0,0,0.889801,0.456348,0,3
70.6886,338.825,0,0,0,0.877986,0.478687,0,3
69.5925,340.164,0,0,0,0.903645,0.428283,0,3
68.124,341.881,0,0,0,0.902284,0.431143,0,3
67.4123,342.769,0,0,0,0.902352,0.430999,0,3
66.4129,344.044,0,0,0,0.861735,0.507359,0,3
66.3102,346.122,0,0,0,0.530851,0.847465,0,3
66.9502,347.182,0,0,0,0.444089,0.895983,0,3
67.8144,348.279,0,0,0,0.448686,0.89369,0,3
68.548,349.452,0,0,0,0.428804,0.903398,0,3
68.9836,350.754,0,0,0,0.483498,0.875345,0,3
69.6678,352.752,0,0,0,0.553184,0.833059,0,3
70.1932,353.964,0,0,0,0.539219,0.842166,0,3
70.6921,355.228,0,0,0,0.569073,0.822287,0,3
71.1818,357.054,0,0,0,0.618879,0.785486,0,3
71.5722,358.84,0,0,0,0.628062,0.778163,0,3
71.6154,360.548,0,0,0,0.754601,0.656184,0,3
71.5145,362.355,0,0,0,0.7065,0.707713,0,3
71.5463,364.094,0,0,0,0.661366,0.750063,0,3
71.6172,365.955,0,0,0,0.668224,0.74396,0,3
71.6647,367.251,0,0,0,0.674431,0.738338,0,3
72.3027,368.936,0,0,0,0.341352,0.939936,0,3
73.2345,369.521,0,0,0,0.153054,0.988218,0,3
74.9548,369.85,0,0,0,0.0111787,0.999938,0,3
76.8415,369.786,0,0,0,-0.0378708,0.999283,0,3
78.1855,369.668,0,0,0,-0.0246736,0.999696,0,3
80.1308,369.615,0,0,0,-0.00115345,0.999999,0,3
82.1001,369.646,0,0,0,-0.00896194,0.99996,0,3
83.376,369.679,0,0,0,-0.00356661,0.999994,0,3
84.6762,369.734,0,0,0,0.042523,0.999095,0,3
86.2412,370.252,0,0,0,0.284665,0.958627,0,3
87.4862,371.139,0,0,0,0.314663,0.949203,0,3
88.3458,371.757,0,0,0,0.256879,0.966444,0,3
89.954,372.272,0,0,0,0.0850666,0.996375,0,3
91.1018,372.521,0,0,0,0.0874579,0.996168,0,3
92.8821,372.947,0,0,0,0.114097,0.99347,0,3
94.4766,373.49,0,0,0,0.158079,0.987426,0,3
95.481,373.776,0,0,0,0.177523,0.984117,0,3
96.9677,374.396,0,0,0,0.142164,0.989843,0,3
98.4397,374.963,0,0,0,0.232156,0.972679,0,3
99.7505,375.758,0,0,0,0.262309,0.964984,0,3
101.043,376.657,0,0,0,0.30648,0.951877,0,3
101.873,377.308,0,0,0,0.340714,0.940167,0,3
103.059,378.325,0,0,0,0.336601,0.941647,0,3
104.362,379.288,0,0,0,0.282376,0.959304,0,3
105.694,380.17,0,0,0,0.302136,0.953265,0,3
107.442,381.514,0,0,0,0.320677,0.947189,0,3
108.722,382.438,0,0,0,0.295531,0.955333,0,3
110.08,383.313,0,0,0,0.26634,0.963879,0,3
111.066,383.839,0,0,0,0.230139,0.973158,0,3
112.476,384.742,0,0,0,0.263681,0.96461,0,3
113.787,385.66,0,0,0,0.301318,0.953524,0,3
114.983,386.624,0,0,0,0.307839,0.951439,0,3
116.304,387.54,0,0,0,0.301441,0.953485,0,3
117.664,388.497,0,0,0,0.295668,0.955291,0,3
119.356,389.778,0,0,0,0.310761,0.950488,0,3
120.226,390.481,0,0,0,0.304779,0.952423,0,3
121.545,391.465,0,0,0,0.289993,0.957029,0,3
122.48,392.084,0,0,0,0.258086,0.966122,0,3
124.239,392.872,0,0,0,0.119462,0.992839,0,3
125.49,393.147,0,0,0,-0.0402356,0.99919,0,3
127.163,392.986,0,0,0,-0.0914973,0.995805,0,3
128.822,392.745,0,0,0,-0.0781154,0.996944,0,3
130.418,392.601,0,0,0,-0.0645421,0.997915,0,3
132.061,392.508,0,0,0,-0.0219831,0.999758,0,3
133.694,392.602,0,0,0,-0.017415,0.999848,0,3
135.322,392.61,0,0,0,0.0139019,0.999903,0,3
136.98,392.692,0,0,0,0.0172979,0.99985,0,3
138.113,392.891,0,0,0,0.0944057,0.995534,0,3
139.811,393.7,0,0,0,0.31057,0.950551,0,3
141.022,394.92,0,0,0,0.454717,0.890636,0,3
141.885,396.291,0,0,0,0.465918,0.884828,0,3
142.804,397.65,0,0,0,0.439875,0.898059,0,3
143.816,398.996,0,0,0,0.407737,0.913099,0,3
145.061,400.253,0,0,0,0.333096,0.942893,0,3
146.023,401.079,0,0,0,0.353533,0.935422,0,3
147.467,402.355,0,0,0,0.275486,0.961305,0,3
148.537,403.176,0,0,0,0.337315,0.941392,0,3
149.78,404.578,0,0,0,0.502529,0.864561,0,3
150.182,406.158,0,0,0,0.668101,0.744071,0,3
150.213,407.704,0,0,0,0.682466,0.730917,0,3
150.2,409.318,0,0,0,0.713311,0.700848,0,3
150.109,410.899,0,0,0,0.746194,0.665729,0,3
149.926,412.509,0,0,0,0.734466,0.678645,0,3
149.655,414.084,0,0,0,0.811365,0.58454,0,3
149.164,415.134,0,0,0,0.863931,0.50361,0,3
147.807,416.563,0,0,0,0.9588,0.284082,0,3
146.828,416.938,0,0,0,0.997857,0.0654306,0,3
144.841,417.032,0,0,0,0.999575,0.0291446,0,3
143.796,417.091,0,0,0,0.999349,0.0360836,0,3
141.828,417.237,0,0,0,0.997968,0.0637144,0,3
140.776,417.553,0,0,0,0.950967,0.309291,0,3
139.908,419.039,0,0,0,0.776766,0.62979,0,3
139.688,420.019,0,0,0,0.769308,0.638878,0,3
139.519,421.038,0,0,0,0.772394,0.635144,0,3
138.949,422.588,0,0,0,0.845418,0.534105,0,3
138.342,423.543,0,0,0,0.87682,0.480818,0,3
137.597,424.472,0,0,0,0.904671,0.42611,0,3
136.806,425.386,0,0,0,0.915234,0.402923,0,3
135.997,426.395,0,0,0,0.904044,0.42744,0,3
135.146,427.35,0,0,0,0.90591,0.423469,0,3
134.237,428.326,0,0,0,0.926495,0.376307,0,3
133.163,429.25,0,0,0,0.937585,0.347756,0,3
132.01,430.174,0,0,0,0.933375,0.358903,0,3
131.132,431.172,0,0,0,0.890156,0.455655,0,3
129.959,432.529,0,0,0,0.931139,0.364664,0,3
128.956,433.426,0,0,0,0.947167,0.320742,0,3
127.839,434.292,0,0,0,0.952348,0.305012,0,3
126.823,434.928,0,0,0,0.984129,0.177456,0,3
125.703,435.158,0,0,0,0.998994,0.0448477,0,3
124.169,434.928,0,0,0,-0.983972,0.178322,0,3
123.172,434.38,0,0,0,-0.950084,0.311993,0,3
121.82,433.309,0,0,0,-0.947495,0.319769,0,3
120.524,432.211,0,0,0,-0.942402,0.334482,0,3
119.161,431.184,0,0,0,-0.952012,0.306059,0,3
117.82,430.102,0,0,0,-0.945627,0.325254,0,3
116.522,429.006,0,0,0,-0.947674,0.319241,0,3
115.211,427.903,0,0,0,-0.939803,0.341715,0,3
113.892,426.796,0,0,0,-0.941513,0.336977,0,3
112.607,425.688,0,0,0,-0.942401,0.334486,0,3
111.307,424.562,0,0,0,-0.940945,0.33856,0,3
110.006,423.506,0,0,0,-0.945479,0.325684,0,3
108.66,422.465,0,0,0,-0.954039,0.299682,0,3
107.388,421.35,0,0,0,-0.929775,0.368128,0,3
106.176,420.168,0,0,0,-0.935588,0.353093,0,3
104.968,419.151,0,0,0,-0.939157,0.343488,0,3
103.654,418.154,0,0,0,-0.943059,0.332624,0,3
102.401,417.114,0,0,0,-0.951211,0.30854,0,3
101.083,416.189,0,0,0,-0.95289,0.303315,0,3
99.8291,415.271,0,0,0,-0.949754,0.312998,0,3
98.6072,414.259,0,0,0,-0.938099,0.346366,0,3
97.3976,413.166,0,0,0,-0.943401,0.331654,0,3
95.7308,411.816,0,0,0,-0.947197,0.320652,0,3
94.4748,410.789,0,0,0,-0.93815,0.346228,0,3
93.2401,409.738,0,0,0,-0.941368,0.337382,0,3
91.5913,408.294,0,0,0,-0.943921,0.330172,0,3
90.2842,407.276,0,0,0,-0.945445,0.325782,0,3
89.076,406.227,0,0,0,-0.933621,0.358263,0,3
87.8771,405.115,0,0,0,-0.943579,0.331148,0,3
86.6426,404.072,0,0,0,-0.946613,0.322372,0,3
85.418,403.098,0,0,0,-0.951977,0.306168,0,3
83.6604,401.803,0,0,0,-0.947241,0.320521,0,3
82.4175,400.837,0,0,0,-0.949815,0.312811,0,3
81.2903,399.921,0,0,0,-0.94687,0.321617,0,3
79.5558,398.526,0,0,0,-0.946817,0.321773,0,3
78.4201,397.43,0,0,0,-0.941827,0.336097,0,3
77.2611,396.378,0,0,0,-0.941531,0.336926,0,3
76.0913,395.427,0,0,0,-0.939186,0.34341,0,3
74.8855,394.496,0,0,0,-0.935875,0.352332,0,3
73.2271,393.188,0,0,0,-0.941003,0.338398,0,3
72.029,392.144,0,0,0,-0.935117,0.35434,0,3
70.3366,390.761,0,0,0,-0.939373,0.342897,0,3
69.0402,389.74,0,0,0,-0.9457,0.325041,0,3
67.818,388.853,0,0,0,-0.951884,0.306457,0,3
66.1906,387.418,0,0,0,-0.939267,0.343188,0,3
65.0235,386.452,0,0,0,-0.941166,0.337945,0,3
63.7614,385.428,0,0,0,-0.940646,0.33939,0,3
62.6511,384.459,0,0,0,-0.932234,0.361855,0,3
61.1552,383.292,0,0,0,-0.9352,0.354119,0,3
59.9585,382.317,0,0,0,-0.947397,0.320062,0,3
58.9823,381.544,0,0,0,-0.948394,0.317095,0,3
57.9817,380.795,0,0,0,-0.938577,0.34507,0,3
56.4771,379.765,0,0,0,-0.941947,0.335763,0,3
55.4311,378.766,0,0,0,-0.935923,0.352204,0,3
53.9393,377.339,0,0,0,-0.925655,0.378368,0,3
52.8696,376.15,0,0,0,-0.880294,0.474429,0,3
52.0731,374.633,0,0,0,-0.854564,0.519346,0,3
51.3311,372.905,0,0,0,-0.833791,0.55208,0,3
50.6172,371.126,0,0,0,-0.832861,0.553482,0,3
50.1565,369.896,0,0,0,-0.804839,0.593493,0,3
49.6555,367.983,0,0,0,-0.810885,0.585205,0,3
49.1574,366.761,0,0,0,-0.775366,0.631512,0,3
49.5286,364.393,0,0,0,-0.573965,0.81888,0,3
50.1281,362.921,0,0,0,-0.548629,0.836066,0,3
50.9986,361.509,0,0,0,-0.517518,0.855672,0,3
51.785,360.139,0,0,0,-0.49354,0.869723,0,3
52.8806,358.408,0,0,0,-0.474698,0.880148,0,3
53.7382,357.126,0,0,0,-0.468923,0.883239,0,3
54.9634,355.422,0,0,0,-0.461114,0.887341,0,3
55.9549,354.116,0,0,0,-0.46463,0.885505,0,3
57.2569,352.398,0,0,0,-0.450538,0.892757,0,3
58.6208,350.79,0,0,0,-0.432907,0.901438,0,3
59.6083,349.626,0,0,0,-0.437965,0.898992,0,3
60.5671,348.414,0,0,0,-0.431939,0.901903,0,3
61.888,346.82,0,0,0,-0.442482,0.896777,0,3
62.8333,345.651,0,0,0,-0.451891,0.892073,0,3
64.1569,343.997,0,0,0,-0.442684,0.896678,0,3
65.1452,342.724,0,0,0,-0.451495,0.892274,0,3
66.4293,341.166,0,0,0,-0.45099,0.892529,0,3
67.4301,339.91,0,0,0,-0.442905,0.896569,0,3
68.7302,338.387,0,0,0,-0.423129,0.90607,0,3
69.7724,337.154,0,0,0,-0.439675,0.898157,0,3
71.15,335.575,0,0,0,-0.427439,0.904044,0,3
72.3652,333.971,0,0,0,-0.44481,0.895625,0,3
73.3095,332.851,0,0,0,-0.436215,0.899842,0,3
74.555,331.249,0,0,0,-0.457405,0.889259,0,3
75.5624,329.987,0,0,0,-0.444838,0.895611,0,3
76.5523,328.755,0,0,0,-0.437943,0.899003,0,3
78.2675,326.808,0,0,0,-0.414466,0.910065,0,3
79.319,325.593,0,0,0,-0.438707,0.89863,0,3
80.6198,323.977,0,0,0,-0.447503,0.894282,0,3
81.5569,322.735,0,0,0,-0.437616,0.899162,0,3
82.5233,321.51,0,0,0,-0.435847,0.900021,0,3
83.7572,320.039,0,0,0,-0.436396,0.899755,0,3
84.7278,318.84,0,0,0,-0.421545,0.906808,0,3
86.0475,317.325,0,0,0,-0.421522,0.906818,0,3
87.1395,315.979,0,0,0,-0.434063,0.900883,0,3
88.2659,314.637,0,0,0,-0.433696,0.901059,0,3
89.6931,312.861,0,0,0,-0.444041,0.896007,0,3
91.0592,311.213,0,0,0,-0.423677,0.905813,0,3
92.029,310.008,0,0,0,-0.44434,0.895858,0,3
93.4203,308.24,0,0,0,-0.432469,0.901649,0,3
94.4466,307.086,0,0,0,-0.429396,0.903116,0,3
95.5472,305.759,0,0,0,-0.424904,0.905239,0,3
96.899,304.375,0,0,0,-0.398655,0.917101,0,3
97.9844,303.198,0,0,0,-0.413299,0.910595,0,3
99.4064,301.606,0,0,0,-0.409639,0.912248,0,3
100.322,300.342,0,0,0,-0.468499,0.883464,0,3
101.487,298.796,0,0,0,-0.461929,0.886917,0,3
102.372,297.622,0,0,0,-0.426375,0.904546,0,3
103.827,295.859,0,0,0,-0.432504,0.901632,0,3
104.931,294.51,0,0,0,-0.439401,0.898291,0,3
105.865,293.263,0,0,0,-0.460121,0.887856,0,3
107.184,291.609,0,0,0,-0.4279,0.903826,0,3
108.254,290.339,0,0,0,-0.42446,0.905447,0,3
109.627,288.703,0,0,0,-0.425932,0.904755,0,3
110.868,287.299,0,0,0,-0.434366,0.900736,0,3
112.263,285.675,0,0,0,-0.421925,0.906631,0,3
113.479,284.342,0,0,0,-0.429236,0.903192,0,3
114.567,282.939,0,0,0,-0.45903,0.888421,0,3
115.568,281.5,0,0,0,-0.45975,0.888048,0,3
116.911,279.817,0,0,0,-0.446918,0.894575,0,3
117.965,278.564,0,0,0,-0.438368,0.898796,0,3
119.032,277.401,0,0,0,-0.422905,0.906174,0,3
120.147,276.2,0,0,0,-0.397587,0.917564,0,3
121.63,274.626,0,0,0,-0.395654,0.918399,0,3
123.083,273.091,0,0,0,-0.387702,0.921785,0,3
124.435,271.501,0,0,0,-0.426781,0.904355,0,3
125.382,270.295,0,0,0,-0.436645,0.899634,0,3
126.633,268.675,0,0,0,-0.44643,0.894819,0,3
127.958,267.079,0,0,0,-0.436533,0.899688,0,3
129.004,265.822,0,0,0,-0.430083,0.902789,0,3
129.995,264.573,0,0,0,-0.442232,0.896901,0,3
131.254,262.976,0,0,0,-0.455776,0.890094,0,3
132.56,261.344,0,0,0,-0.439729,0.898131,0,3
133.525,260.193,0,0,0,-0.428884,0.90336,0,3
134.914,258.56,0,0,0,-0.43404,0.900893,0,3
135.927,257.314,0,0,0,-0.429232,0.903194,0,3
136.925,256.115,0,0,0,-0.439069,0.898453,0,3
138.233,254.476,0,0,0,-0.453342,0.891337,0,3
138.797,253.641,0,0,0,-0.46961,0.882874,0,3
139.605,252.338,0,0,0,-0.506981,0.861957,0,3
140.657,250.661,0,0,0,-0.467401,0.884045,0,3
141.429,249.439,0,0,0,-0.479826,0.877363,0,3
142.15,248.124,0,0,0,-0.572377,0.819991,0,3
142.575,246.534,0,0,0,-0.659794,0.751446,0,3
142.53,244.73,0,0,0,-0.745482,0.666526,0,3
142.066,243.454,0,0,0,-0.816324,0.577594,0,3
141.156,241.916,0,0,0,-0.869066,0.494697,0,3
140.047,240.961,0,0,0,-0.936354,0.351057,0,3
138.783,240.109,0,0,0,-0.948527,0.316696,0,3
137.484,239.117,0,0,0,-0.949539,0.313649,0,3
135.851,237.815,0,0,0,-0.956038,0.293241,0,3
134.495,236.979,0,0,0,-0.968427,0.249298,0,3
133.147,236.208,0,0,0,-0.969346,0.245698,0,3
132.281,235.675,0,0,0,-0.959006,0.283385,0,3
130.994,234.855,0,0,0,-0.968688,0.248283,0,3
129.273,233.598,0,0,0,-0.953624,0.300999,0,3
128.044,232.633,0,0,0,-0.950306,0.311318,0,3
126.818,231.67,0,0,0,-0.952412,0.304814,0,3
125.559,230.694,0,0,0,-0.952527,0.304454,0,3
124.282,229.858,0,0,0,-0.958137,0.286311,0,3
123.089,229.017,0,0,0,-0.943808,0.330493,0,3
121.868,228.059,0,0,0,-0.950577,0.31049,0,3
120.592,227.165,0,0,0,-0.953431,0.30161,0,3
119.338,226.237,0,0,0,-0.949094,0.314993,0,3
117.69,224.942,0,0,0,-0.945115,0.326738,0,3
116.908,224.266,0,0,0,-0.944558,0.328344,0,3
115.637,223.258,0,0,0,-0.949482,0.313821,0,3
114.366,222.301,0,0,0,-0.945253,0.326338,0,3
113.205,221.278,0,0,0,-0.934888,0.354943,0,3
112.066,220.235,0,0,0,-0.938294,0.345838,0,3
110.856,219.296,0,0,0,-0.951717,0.306975,0,3
109.591,218.263,0,0,0,-0.953878,0.300194,0,3
108.259,217.335,0,0,0,-0.956669,0.291177,0,3
107.027,216.344,0,0,0,-0.949788,0.312894,0,3
105.339,214.887,0,0,0,-0.941209,0.337825,0,3
104.064,213.81,0,0,0,-0.948555,0.316612,0,3
102.793,212.704,0,0,0,-0.941218,0.3378,0,3
101.25,211.35,0,0,0,-0.947469,0.319846,0,3
100.043,210.384,0,0,0,-0.950556,0.310552,0,3
98.7737,209.432,0,0,0,-0.947624,0.319388,0,3
97.0887,208.049,0,0,0,-0.9433,0.331941,0,3
95.8395,207.018,0,0,0,-0.941886,0.335931,0,3
94.2978,205.478,0,0,0,-0.929582,0.368616,0,3
93.2027,204.44,0,0,0,-0.949353,0.314213,0,3
92.0125,203.43,0,0,0,-0.9427,0.333642,0,3
90.3974,201.997,0,0,0,-0.940139,0.340792,0,3
89.2291,200.954,0,0,0,-0.939061,0.34375,0,3
88.036,199.985,0,0,0,-0.93647,0.350747,0,3
86.9278,198.87,0,0,0,-0.930681,0.365832,0,3
85.3205,197.477,0,0,0,-0.943133,0.332415,0,3
84.0946,196.463,0,0,0,-0.9467,0.322118,0,3
82.832,195.389,0,0,0,-0.943787,0.330555,0,3
81.7365,194.401,0,0,0,-0.942227,0.334976,0,3
80.1431,193.05,0,0,0,-0.945217,0.326442,0,3
79.3202,192.381,0,0,0,-0.953905,0.300109,0,3
77.9558,191.448,0,0,0,-0.968792,0.247876,0,3
76.5107,190.633,0,0,0,-0.976152,0.217089,0,3
75.3569,190.131,0,0,0,-0.987844,0.155446,0,3
73.4444,189.561,0,0,0,-0.993905,0.110238,0,3
72.2323,189.261,0,0,0,-0.989371,0.145411,0,3
70.3917,188.747,0,0,0,-0.992998,0.118129,0,3
68.9588,188.479,0,0,0,-0.997828,0.0658764,0,3
67.643,188.108,0,0,0,-0.995508,0.0946754,0,3
65.7839,187.352,0,0,0,-0.9708,0.239889,0,3
64.3362,186.392,0,0,0,-0.955389,0.295351,0,3
62.9821,185.348,0,0,0,-0.94303,0.332708,0,3
61.6085,184.39,0,0,0,-0.968312,0.249743,0,3
60.2054,183.314,0,0,0,-0.948116,0.317923,0,3
58.8968,182.27,0,0,0,-0.95291,0.303253,0,3
57.5966,181.154,0,0,0,-0.939891,0.341475,0,3
56.6844,180.466,0,0,0,-0.942266,0.334864,0,3
55.4503,179.426,0,0,0,-0.941855,0.336019,0,3
54.6393,178.726,0,0,0,-0.939052,0.343775,0,3
53.3444,177.635,0,0,0,-0.952219,0.305416,0,3
52.1025,176.611,0,0,0,-0.941456,0.337135,0,3
50.7097,175.465,0,0,0,-0.936974,0.349399,0,3
49.4596,174.331,0,0,0,-0.937954,0.34676,0,3
48.2066,173.164,0,0,0,-0.942085,0.335375,0,3
46.9826,172.023,0,0,0,-0.930733,0.365699,0,3
45.8467,170.852,0,0,0,-0.927997,0.372587,0,3
44.7151,169.642,0,0,0,-0.912806,0.408393,0,3
43.6656,168.375,0,0,0,-0.922345,0.386368,0,3
42.4281,167.153,0,0,0,-0.924849,0.380334,0,3
41.3194,166.016,0,0,0,-0.916677,0.399629,0,3
39.802,164.522,0,0,0,-0.927927,0.372762,0,3
38.7653,163.45,0,0,0,-0.924097,0.382159,0,3
37.6599,162.194,0,0,0,-0.912392,0.409317,0,3
36.2947,160.741,0,0,0,-0.927926,0.372765,0,3
35.0781,159.519,0,0,0,-0.928125,0.372269,0,3
33.9445,158.271,0,0,0,-0.924078,0.382203,0,3
32.8278,157.068,0,0,0,-0.914115,0.405455,0,3
31.8093,155.698,0,0,0,-0.896964,0.442104,0,3
30.3549,153.846,0,0,0,-0.903824,0.427905,0,3
29.2495,152.575,0,0,0,-0.923634,0.383276,0,3
28.064,151.358,0,0,0,-0.921528,0.388311,0,3
27.0547,149.928,0,0,0,-0.893503,0.449058,0,3
26.1015,148.546,0,0,0,-0.8872,0.461385,0,3
24.8803,146.725,0,0,0,-0.893935,0.448197,0,3
23.5631,144.859,0,0,0,-0.899625,0.436664,0,3
22.4656,143.427,0,0,0,-0.909252,0.416247,0,3
21.1122,141.923,0,0,0,-0.919399,0.393326,0,3
19.8949,140.7,0,0,0,-0.930061,0.367404,0,3
18.9993,139.819,0,0,0,-0.936655,0.350252,0,3
17.5922,138.52,0,0,0,-0.937556,0.347835,0,3
16.5974,137.606,0,0,0,-0.94312,0.332451,0,3
15.5475,136.627,0,0,0,-0.946237,0.323475,0,3
14.039,135.225,0,0,0,-0.922142,0.386853,0,3
13.11,134.287,0,0,0,-0.938435,0.345456,0,3
11.675,132.909,0,0,0,-0.931833,0.362887,0,3
10.0602,131.472,0,0,0,-0.935381,0.353642,0,3
9.21664,130.559,0,0,0,-0.924405,0.381413,0,3
7.8857,129.205,0,0,0,-0.924658,0.380799,0,3
6.39897,127.796,0,0,0,-0.928872,0.370401,0,3
5.00555,126.292,0,0,0,-0.919462,0.39318,0,3
3.49291,124.776,0,0,0,-0.934265,0.356579,0,3
2.53509,123.741,0,0,0,-0.930078,0.367362,0,3
0.985748,122.038,0,0,0,-0.920369,0.391051,0,3
-0.131495,120.868,0,0,0,-0.914362,0.404897,0,3
-1.58335,119.178,0,0,0,-0.921798,0.38767,0,3
-3.03185,117.626,0,0,0,-0.921091,0.389347,0,3
-4.5177,116.097,0,0,0,-0.924301,0.381665,0,3
-5.55575,115.166,0,0,0,-0.934373,0.356297,0,3
-7.08374,113.536,0,0,0,-0.919682,0.392664,0,3
-8.48462,112.009,0,0,0,-0.929378,0.369129,0,3
-9.96067,110.567,0,0,0,-0.919594,0.392871,0,3
-10.9074,109.549,0,0,0,-0.92084,0.389941,0,3
-12.4043,108,0,0,0,-0.926876,0.375367,0,3
-13.8871,106.549,0,0,0,-0.929987,0.367592,0,3
-15.2747,105.042,0,0,0,-0.914164,0.405345,0,3
-16.8213,103.438,0,0,0,-0.926228,0.376965,0,3
-17.9349,102.428,0,0,0,-0.930031,0.367482,0,3
-19.4695,100.956,0,0,0,-0.921007,0.389546,0,3
-20.8026,99.2618,0,0,0,-0.893317,0.449427,0,3
-21.8037,97.5793,0,0,0,-0.85155,0.524273,0,3
-22.7393,95.9927,0,0,0,-0.857117,0.515122,0,3
-23.5786,94.4017,0,0,0,-0.858033,0.513595,0,3
-24.5564,92.7561,0,0,0,-0.88037,0.474288,0,3
-25.1918,91.5937,0,0,0,-0.876085,0.482156,0,3
-26.2366,90.0076,0,0,0,-0.902599,0.430482,0,3
-27.6532,88.3855,0,0,0,-0.913886,0.40597,0,3
-28.4786,87.3899,0,0,0,-0.913207,0.407495,0,3
-29.399,86.421,0,0,0,-0.924445,0.381314,0,3
-30.7899,84.9666,0,0,0,-0.92679,0.375579,0,3
-32.1322,83.4479,0,0,0,-0.926195,0.377046,0,3
-33.05,82.4687,0,0,0,-0.927379,0.374124,0,3
-34.4967,81.0476,0,0,0,-0.918554,0.395295,0,3
-35.3728,80.0331,0,0,0,-0.912127,0.409907,0,3
-36.7099,78.445,0,0,0,-0.923763,0.382963,0,3
-38.1979,76.899,0,0,0,-0.916924,0.399062,0,3
-39.1938,75.9194,0,0,0,-0.933533,0.358491,0,3
-40.5141,74.4367,0,0,0,-0.92112,0.389278,0,3
-41.8507,73.0034,0,0,0,-0.922259,0.386573,0,3
-43.2708,71.5102,0,0,0,-0.933347,0.358976,0,3
-45.0226,69.9837,0,0,0,-0.934958,0.354757,0,3
-45.9275,69.1179,0,0,0,-0.928469,0.37141,0,3
-47.6859,67.3633,0,0,0,-0.933985,0.357312,0,3
-48.9407,66.0359,0,0,0,-0.926167,0.377113,0,3
-50.1858,64.7191,0,0,0,-0.921067,0.389405,0,3
-51.4981,63.4973,0,0,0,-0.936703,0.350125,0,3
-53.1959,61.632,0,0,0,-0.920571,0.390576,0,3
-54.4812,60.2987,0,0,0,-0.916081,0.400993,0,3
-55.7064,58.9433,0,0,0,-0.91951,0.393067,0,3
-57.424,57.1494,0,0,0,-0.930074,0.367373,0,3
-58.7819,55.7273,0,0,0,-0.919329,0.39349,0,3
-59.9856,54.3321,0,0,0,-0.914477,0.404638,0,3
-61.2478,52.9913,0,0,0,-0.924675,0.380758,0,3
-62.4869,51.742,0,0,0,-0.923317,0.384038,0,3
-63.7007,50.3648,0,0,0,-0.911441,0.41143,0,3
-64.852,48.8155,0,0,0,-0.902918,0.429813,0,3
-66.0988,47.3665,0,0,0,-0.908066,0.418828,0,3
-67.3356,45.8817,0,0,0,-0.915982,0.40122,0,3
-68.6018,44.3816,0,0,0,-0.918065,0.39643,0,3
-69.8042,43.0426,0,0,0,-0.913864,0.406021,0,3
-71.0313,41.6199,0,0,0,-0.914809,0.403886,0,3
-72.3235,40.3197,0,0,0,-0.923614,0.383324,0,3
-73.1,39.4767,0,0,0,-0.91779,0.397065,0,3
-73.9066,38.5508,0,0,0,-0.901538,0.4327,0,3
-74.6683,37.436,0,0,0,-0.903751,0.428059,0,3
-75.4005,36.33,0,0,0,-0.885242,0.46513,0,3
-76.5559,34.8569,0,0,0,-0.905552,0.424235,0,3
-77.3319,33.8404,0,0,0,-0.907335,0.420409,0,3
-78.5581,32.2448,0,0,0,-0.910136,0.414309,0,3
-79.9668,31.3514,0,0,0,-0.98371,0.179763,0,3
-81.5441,31.1419,0,0,0,0.999757,0.0220228,0,3
-83.1288,31.3711,0,0,0,0.995598,0.0937267,0,3
-84.2846,31.4981,0,0,0,0.995896,0.0905098,0,3
-85.9972,31.7547,0,0,0,0.992127,0.125238,0,3
-88.3613,32.45,0,0,0,0.980317,0.197429,0,3
-89.6288,33.0132,0,0,0,0.978158,0.207865,0,3
-91.384,33.902,0,0,0,0.962125,0.27261,0,3
-93.0902,35.0138,0,0,0,0.945922,0.324395,0,3
-94.1022,35.8584,0,0,0,0.932603,0.360904,0,3
-96.2352,37.2405,0,0,0,0.94731,0.320319,0,3
-97.1326,38.0101,0,0,0,0.931021,0.364965,0,3
-98.9386,39.5656,0,0,0,0.947235,0.320541,0,3
-99.9732,40.2451,0,0,0,0.956618,0.291347,0,3
-101.476,41.4037,0,0,0,0.921447,0.388504,0,3
-102.402,42.1919,0,0,0,0.934602,0.355696,0,3
-103.72,43.374,0,0,0,0.927166,0.37465,0,3
-105.06,44.6229,0,0,0,0.939417,0.342775,0,3
-106.465,45.8679,0,0,0,0.923589,0.383385,0,3
-107.753,47.1092,0,0,0,0.926604,0.376038,0,3
-109.052,48.1742,0,0,0,0.936636,0.350304,0,3
-110.837,49.5991,0,0,0,0.932218,0.361898,0,3
-111.733,50.3981,0,0,0,0.937763,0.347275,0,3
-113.564,51.9503,0,0,0,0.940841,0.33885,0,3
-114.494,52.7214,0,0,0,0.929643,0.368462,0,3
-116.158,54.3781,0,0,0,0.933315,0.359058,0,3
-117.509,55.5569,0,0,0,0.928446,0.371467,0,3
-119.24,57.0142,0,0,0,0.942891,0.333103,0,3
-120.547,58.0708,0,0,0,0.936349,0.351071,0,3
-121.86,59.1251,0,0,0,0.927974,0.372645,0,3
-123.473,60.6085,0,0,0,0.926465,0.37638,0,3
-124.754,61.7885,0,0,0,0.916739,0.399486,0,3
-125.94,62.9721,0,0,0,0.939412,0.342791,0,3
-127.894,64.4233,0,0,0,0.945753,0.324886,0,3
-128.823,65.1375,0,0,0,0.943254,0.332071,0,3
-130.166,66.162,0,0,0,0.946097,0.323883,0,3
-130.961,66.848,0,0,0,0.916522,0.399985,0,3
-131.755,67.6729,0,0,0,0.905573,0.424191,0,3
-132.375,68.5497,0,0,0,0.910602,0.413285,0,3
-133.149,69.2936,0,0,0,0.928219,0.372034,0,3
-134.646,70.8684,0,0,0,0.923547,0.383486,0,3
-135.92,72.0084,0,0,0,0.929879,0.367865,0,3
-137.152,72.9803,0,0,0,0.934857,0.355024,0,3
-138.813,74.5371,0,0,0,0.9333,0.359097,0,3
-140.237,76.1542,0,0,0,0.919498,0.393094,0,3
-141.358,77.3662,0,0,0,0.921953,0.387301,0,3
-142.582,78.3803,0,0,0,0.928979,0.370132,0,3
-143.705,79.5028,0,0,0,0.917837,0.396957,0,3
-144.949,80.6837,0,0,0,0.929369,0.369151,0,3
-146.18,81.7881,0,0,0,0.935828,0.352458,0,3
-147.455,82.7966,0,0,0,0.943575,0.331158,0,3
-148.855,83.7956,0,0,0,0.94611,0.323845,0,3
-150.608,85.1044,0,0,0,0.943296,0.331952,0,3
-151.448,85.7794,0,0,0,0.943958,0.330067,0,3
-152.719,86.7581,0,0,0,0.94032,0.34029,0,3
-154.077,87.7543,0,0,0,0.947134,0.320839,0,3
-154.989,88.418,0,0,0,0.941623,0.336668,0,3
-156.17,89.5397,0,0,0,0.892053,0.451931,0,3
-156.785,90.4125,0,0,0,0.857803,0.513979,0,3
-157.388,91.8519,0,0,0,0.800549,0.599267,0,3
-157.959,93.3547,0,0,0,0.822833,0.568283,0,3
-158.263,94.3749,0,0,0,0.76602,0.642816,0,3
-158.557,96.0756,0,0,0,0.754486,0.656316,0,3
-158.693,97.1177,0,0,0,0.723583,0.690238,0,3
-158.9,98.8114,0,0,0,0.759726,0.650243,0,3
-159.115,99.9249,0,0,0,0.784529,0.620092,0,3
-159.622,101.469,0,0,0,0.805453,0.592659,0,3
-159.967,103.131,0,0,0,0.759216,0.650839,0,3
-160.217,104.872,0,0,0,0.747985,0.663715,0,3
-160.457,106.015,0,0,0,0.801598,0.597864,0,3
-160.899,106.963,0,0,0,0.87571,0.482837,0,3
-161.524,107.833,0,0,0,0.903807,0.42794,0,3
-162.073,108.714,0,0,0,0.841494,0.540267,0,3
-162.635,110.172,0,0,0,0.784279,0.620408,0,3
-162.712,111.371,0,0,0,0.631547,0.775338,0,3
-162.302,112.448,0,0,0,0.431183,0.902265,0,3
-161.059,113.255,0,0,0,0.0623178,0.998056,0,3
-159.956,112.895,0,0,0,-0.395637,0.918407,0,3
-159.502,111.921,0,0,0,-0.6434,0.76553,0,3
-159.428,110.749,0,0,0,-0.707527,0.706686,0,3
-159.462,108.857,0,0,0,-0.713851,0.700298,0,3
-159.448,107.061,0,0,0,-0.676229,0.736691,0,3
-159.345,105.249,0,0,0,-0.716088,0.69801,0,3
-159.381,103.271,0,0,0,-0.722317,0.691562,0,3
-159.427,101.991,0,0,0,-0.717134,0.696936,0,3
-159.287,100.133,0,0,0,-0.65615,0.75463,0,3
-158.84,97.8185,0,0,0,-0.653776,0.756688,0,3
-158.489,96.0967,0,0,0,-0.606588,0.795016,0,3
-157.747,93.9965,0,0,0,-0.549076,0.835772,0,3
-156.935,92.6907,0,0,0,-0.418235,0.908339,0,3
-155.951,91.524,0,0,0,-0.378043,0.925788,0,3
-154.297,90.1395,0,0,0,-0.30799,0.95139,0,3
-152.865,89.1722,0,0,0,-0.307946,0.951404,0,3
-150.859,88.0048,0,0,0,-0.242049,0.970264,0,3
-149.279,87.2163,0,0,0,-0.247782,0.968816,0,3
-147.39,85.9163,0,0,0,-0.361628,0.932322,0,3
-146.115,84.8035,0,0,0,-0.379178,0.925324,0,3
-144.623,83.3269,0,0,0,-0.386136,0.922442,0,3
-143.86,82.5975,0,0,0,-0.356105,0.934446,0,3
-142.472,81.6702,0,0,0,-0.257314,0.966328,0,3
-141.517,81.0736,0,0,0,-0.31104,0.950397,0,3
-140.64,80.4869,0,0,0,-0.288332,0.95753,0,3
-139.495,79.5151,0,0,0,-0.410204,0.911994,0,3
-138.135,77.879,0,0,0,-0.380174,0.924915,0,3
-137.062,76.6341,0,0,0,-0.377217,0.926125,0,3
-135.917,75.3491,0,0,0,-0.374568,0.9272,0,3
-134.434,73.6916,0,0,0,-0.386552,0.922267,0,3
-133.099,72.6349,0,0,0,-0.363647,0.931537,0,3
-131.636,71.6785,0,0,0,-0.278852,0.960334,0,3
-130.155,70.8347,0,0,0,-0.304153,0.952623,0,3
-128.331,69.5727,0,0,0,-0.307661,0.951496,0,3
-127.36,68.9875,0,0,0,-0.250439,0.968132,0,3
-125.847,68.0911,0,0,0,-0.311807,0.950145,0,3
-124.582,67.0711,0,0,0,-0.351346,0.936246,0,3
-123.369,66.0658,0,0,0,-0.362554,0.931963,0,3
-122.113,65.0174,0,0,0,-0.337302,0.941397,0,3
-121.259,64.3464,0,0,0,-0.330489,0.94381,0,3
-120.025,63.3355,0,0,0,-0.365859,0.93067,0,3
-118.726,62.3502,0,0,0,-0.3449,0.938639,0,3
-117.477,61.2808,0,0,0,-0.357395,0.933953,0,3
-116.667,60.5713,0,0,0,-0.361495,0.932374,0,3
-115.46,59.511,0,0,0,-0.35952,0.933137,0,3
-114.22,58.4944,0,0,0,-0.351682,0.936119,0,3
-112.962,57.4581,0,0,0,-0.333227,0.942846,0,3
-111.611,56.424,0,0,0,-0.309454,0.950915,0,3
-110.272,55.402,0,0,0,-0.312129,0.95004,0,3
-108.953,54.3478,0,0,0,-0.344855,0.938656,0,3
-107.686,53.3714,0,0,0,-0.330614,0.943766,0,3
-106.325,52.402,0,0,0,-0.310023,0.950729,0,3
-104.636,51.0394,0,0,0,-0.365605,0.93077,0,3
-103.573,49.9013,0,0,0,-0.375965,0.926634,0,3
-102.407,48.7121,0,0,0,-0.399445,0.916757,0,3
-101.287,47.5752,0,0,0,-0.3876,0.921828,0,3
-100.027,46.5823,0,0,0,-0.356402,0.934333,0,3
-98.3745,45.1284,0,0,0,-0.361616,0.932327,0,3
-97.1689,44.0902,0,0,0,-0.350941,0.936398,0,3
-95.9911,43.087,0,0,0,-0.359255,0.93324,0,3
-94.4627,41.7171,0,0,0,-0.369693,0.929154,0,3
-93.2211,40.665,0,0,0,-0.342517,0.939512,0,3
-92.0033,39.6023,0,0,0,-0.366787,0.930305,0,3
-90.3813,38.1655,0,0,0,-0.360007,0.932949,0,3
-89.1557,37.1301,0,0,0,-0.337727,0.941244,0,3
-87.2874,35.7167,0,0,0,-0.337949,0.941164,0,3
-86.0557,34.5993,0,0,0,-0.37472,0.927138,0,3
-84.1157,33.3111,0,0,0,-0.250405,0.968141,0,3
-82.4741,32.4949,0,0,0,-0.26284,0.964839,0,3
-81.4511,31.8824,0,0,0,-0.309615,0.950862,0,3
-79.6838,30.6201,0,0,0,-0.303807,0.952734,0,3
-78.2267,29.736,0,0,0,-0.255231,0.96688,0,3
-76.7269,28.7861,0,0,0,-0.289516,0.957173,0,3
-74.6199,27.6263,0,0,0,-0.160297,0.987069,0,3
-73.2858,27.393,0,0,0,-0.0368651,0.99932,0,3
-71.0544,27.7432,0,0,0,0.154017,0.988068,0,3
-69.103,28.4977,0,0,0,0.0970176,0.995283,0,3
-67.3266,28.6254,0,0,0,-0.0689474,0.99762,0,3
-65.5493,28.0793,0,0,0,-0.224252,0.974531,0,3
-64.0647,27.25,0,0,0,-0.296628,0.954993,0,3
-63.0913,26.6046,0,0,0,-0.313329,0.949645,0,3
-61.4183,25.1929,0,0,0,-0.362295,0.932064,0,3
-60.1446,24.1999,0,0,0,-0.325464,0.945554,0,3
-58.3928,22.9879,0,0,0,-0.387142,0.92202,0,3
-57.5802,21.6516,0,0,0,-0.617721,0.786398,0,3
-57.74,19.8532,0,0,0,-0.872099,0.48933,0,3
-58.7819,18.5887,0,0,0,-0.917896,0.39682,0,3
-59.8533,17.4943,0,0,0,-0.925148,0.379608,0,3
-60.9444,16.448,0,0,0,-0.920705,0.390259,0,3
-62.4877,14.9792,0,0,0,-0.932018,0.362411,0,3
-63.5989,13.9591,0,0,0,-0.937106,0.349044,0,3
-65.0573,12.5102,0,0,0,-0.914862,0.403766,0,3
-66.0681,11.3614,0,0,0,-0.915595,0.402101,0,3
-67.5874,9.83097,0,0,0,-0.926995,0.375075,0,3
-68.753,8.81613,0,0,0,-0.939238,0.343268,0,3
-69.4998,8.13037,0,0,0,-0.931627,0.363416,0,3
-70.6035,6.92769,0,0,0,-0.920844,0.389931,0,3
-71.6385,5.8227,0,0,0,-0.892645,0.45076,0,3
-72.4855,4.40235,0,0,0,-0.834594,0.550865,0,3
-72.2924,2.67282,0,0,0,-0.519979,0.854179,0,3
-71.7054,1.78875,0,0,0,-0.423787,0.905762,0,3
-70.2042,0.335248,0,0,0,-0.364497,0.931205,0,3
-69.0096,-0.825954,0,0,0,-0.400378,0.91635,0,3
-67.6471,-2.37676,0,0,0,-0.407523,0.913195,0,3
-66.502,-3.45569,0,0,0,-0.380784,0.924664,0,3
-65.0128,-4.89263,0,0,0,-0.356424,0.934324,0,3
-64.1651,-5.50182,0,0,0,-0.235245,0.971936,0,3
-62.412,-5.79294,0,0,0,0.0937819,0.995593,0,3
-60.9247,-5.08864,0,0,0,0.305131,0.95231,0,3
-59.7103,-3.94665,0,0,0,0.394424,0.918928,0,3
-58.2502,-2.4742,0,0,0,0.366952,0.93024,0,3
-57.1791,-1.43583,0,0,0,0.392576,0.919719,0,3
-56.1236,-0.21122,0,0,0,0.405873,0.91393,0,3
-55.4274,0.603647,0,0,0,0.423411,0.905938,0,3
